ARNT	../StandaloneGit/Resources/pwms/M01720_2.00.meme	../StandaloneGit/Resources/pwms/M01719_2.00.meme	
ASCL1	../StandaloneGit/Resources/pwms/M00117_2.00.meme	
ATF1	../StandaloneGit/Resources/pwms/M01806_2.00.meme	../StandaloneGit/Resources/pwms/M00991_2.00.meme	../StandaloneGit/Resources/pwms/M00992_2.00.meme	../StandaloneGit/Resources/pwms/M01804_2.00.meme	../StandaloneGit/Resources/pwms/M00124_2.00.meme	../StandaloneGit/Resources/pwms/M01821_2.00.meme	
ATF2	../StandaloneGit/Resources/pwms/M01808_2.00.meme	../StandaloneGit/Resources/pwms/M01823_2.00.meme	
ATF3	../StandaloneGit/Resources/pwms/M01810_2.00.meme	../StandaloneGit/Resources/pwms/M01807_2.00.meme	../StandaloneGit/Resources/pwms/M01805_2.00.meme	../StandaloneGit/Resources/pwms/M00125_2.00.meme	../StandaloneGit/Resources/pwms/M00758_2.00.meme	
ATF4	../StandaloneGit/Resources/pwms/M00759_2.00.meme	
ATOH1	../StandaloneGit/Resources/pwms/M01754_2.00.meme	
BCL6	../StandaloneGit/Resources/pwms/M00228_2.00.meme	../StandaloneGit/Resources/pwms/M00227_2.00.meme	
CDX2	../StandaloneGit/Resources/pwms/M02206_2.00.meme	../StandaloneGit/Resources/pwms/M02183_2.00.meme	../StandaloneGit/Resources/pwms/M00427_2.00.meme	../StandaloneGit/Resources/pwms/M00447_2.00.meme	../StandaloneGit/Resources/pwms/M02211_2.00.meme	../StandaloneGit/Resources/pwms/M02217_2.00.meme	
CEBPA	../StandaloneGit/Resources/pwms/M01811_2.00.meme	../StandaloneGit/Resources/pwms/M02633_2.00.meme	../StandaloneGit/Resources/pwms/M01815_2.00.meme	../StandaloneGit/Resources/pwms/M02634_2.00.meme	../StandaloneGit/Resources/pwms/M00999_2.00.meme	../StandaloneGit/Resources/pwms/M00994_2.00.meme	../StandaloneGit/Resources/pwms/M02635_2.00.meme	../StandaloneGit/Resources/pwms/M00998_2.00.meme	../StandaloneGit/Resources/pwms/M00993_2.00.meme	../StandaloneGit/Resources/pwms/M01818_2.00.meme	../StandaloneGit/Resources/pwms/M02636_2.00.meme	../StandaloneGit/Resources/pwms/M00761_2.00.meme	
CEBPB	../StandaloneGit/Resources/pwms/M01811_2.00.meme	../StandaloneGit/Resources/pwms/M02633_2.00.meme	../StandaloneGit/Resources/pwms/M01815_2.00.meme	../StandaloneGit/Resources/pwms/M02634_2.00.meme	../StandaloneGit/Resources/pwms/M00999_2.00.meme	../StandaloneGit/Resources/pwms/M00994_2.00.meme	../StandaloneGit/Resources/pwms/M02635_2.00.meme	../StandaloneGit/Resources/pwms/M00998_2.00.meme	../StandaloneGit/Resources/pwms/M00993_2.00.meme	../StandaloneGit/Resources/pwms/M01818_2.00.meme	../StandaloneGit/Resources/pwms/M02636_2.00.meme	../StandaloneGit/Resources/pwms/M00761_2.00.meme	
CEBPG	../StandaloneGit/Resources/pwms/M01817_2.00.meme	../StandaloneGit/Resources/pwms/M00997_2.00.meme	../StandaloneGit/Resources/pwms/M00996_2.00.meme	
CLOCK	../StandaloneGit/Resources/pwms/M01735_2.00.meme	
CREB1	../StandaloneGit/Resources/pwms/M00992_2.00.meme	../StandaloneGit/Resources/pwms/M00124_2.00.meme	../StandaloneGit/Resources/pwms/M01806_2.00.meme	../StandaloneGit/Resources/pwms/M01821_2.00.meme	../StandaloneGit/Resources/pwms/M01804_2.00.meme	../StandaloneGit/Resources/pwms/M00991_2.00.meme	
CREM	../StandaloneGit/Resources/pwms/M00992_2.00.meme	../StandaloneGit/Resources/pwms/M00124_2.00.meme	../StandaloneGit/Resources/pwms/M01806_2.00.meme	../StandaloneGit/Resources/pwms/M01821_2.00.meme	../StandaloneGit/Resources/pwms/M01804_2.00.meme	../StandaloneGit/Resources/pwms/M00991_2.00.meme	
CUX1	../StandaloneGit/Resources/pwms/M01502_2.00.meme	../StandaloneGit/Resources/pwms/M00379_2.00.meme	../StandaloneGit/Resources/pwms/M01501_2.00.meme	
E2F1	../StandaloneGit/Resources/pwms/M00153_2.00.meme	../StandaloneGit/Resources/pwms/M01960_2.00.meme	../StandaloneGit/Resources/pwms/M01963_2.00.meme	../StandaloneGit/Resources/pwms/M01961_2.00.meme	../StandaloneGit/Resources/pwms/M01962_2.00.meme	../StandaloneGit/Resources/pwms/M00154_2.00.meme	../StandaloneGit/Resources/pwms/M01964_2.00.meme	../StandaloneGit/Resources/pwms/M01968_2.00.meme	
E2F6	../StandaloneGit/Resources/pwms/M00153_2.00.meme	../StandaloneGit/Resources/pwms/M01960_2.00.meme	../StandaloneGit/Resources/pwms/M01963_2.00.meme	../StandaloneGit/Resources/pwms/M01961_2.00.meme	../StandaloneGit/Resources/pwms/M01962_2.00.meme	../StandaloneGit/Resources/pwms/M00154_2.00.meme	../StandaloneGit/Resources/pwms/M01964_2.00.meme	../StandaloneGit/Resources/pwms/M01968_2.00.meme	
E2F7	../StandaloneGit/Resources/pwms/M00153_2.00.meme	../StandaloneGit/Resources/pwms/M01960_2.00.meme	../StandaloneGit/Resources/pwms/M01963_2.00.meme	../StandaloneGit/Resources/pwms/M01961_2.00.meme	../StandaloneGit/Resources/pwms/M01962_2.00.meme	../StandaloneGit/Resources/pwms/M00154_2.00.meme	../StandaloneGit/Resources/pwms/M01964_2.00.meme	../StandaloneGit/Resources/pwms/M01968_2.00.meme	
EGR1	../StandaloneGit/Resources/pwms/M00231_2.00.meme	../StandaloneGit/Resources/pwms/M00622_2.00.meme	../StandaloneGit/Resources/pwms/M01864_2.00.meme	../StandaloneGit/Resources/pwms/M00138_2.00.meme	../StandaloneGit/Resources/pwms/M00233_2.00.meme	../StandaloneGit/Resources/pwms/M00778_2.00.meme	../StandaloneGit/Resources/pwms/M00776_2.00.meme	../StandaloneGit/Resources/pwms/M00375_2.00.meme	../StandaloneGit/Resources/pwms/M00232_2.00.meme	
EGR2	../StandaloneGit/Resources/pwms/M00231_2.00.meme	../StandaloneGit/Resources/pwms/M00622_2.00.meme	../StandaloneGit/Resources/pwms/M01864_2.00.meme	../StandaloneGit/Resources/pwms/M00233_2.00.meme	../StandaloneGit/Resources/pwms/M00778_2.00.meme	../StandaloneGit/Resources/pwms/M00776_2.00.meme	../StandaloneGit/Resources/pwms/M00375_2.00.meme	../StandaloneGit/Resources/pwms/M00230_2.00.meme	../StandaloneGit/Resources/pwms/M00229_2.00.meme	../StandaloneGit/Resources/pwms/M00232_2.00.meme	
ELF1	../StandaloneGit/Resources/pwms/M01476_2.00.meme	../StandaloneGit/Resources/pwms/M01493_2.00.meme	../StandaloneGit/Resources/pwms/M01972_2.00.meme	../StandaloneGit/Resources/pwms/M01487_2.00.meme	../StandaloneGit/Resources/pwms/M00156_2.00.meme	../StandaloneGit/Resources/pwms/M01495_2.00.meme	../StandaloneGit/Resources/pwms/M01484_2.00.meme	../StandaloneGit/Resources/pwms/M01496_2.00.meme	../StandaloneGit/Resources/pwms/M00159_2.00.meme	../StandaloneGit/Resources/pwms/M00157_2.00.meme	../StandaloneGit/Resources/pwms/M01486_2.00.meme	../StandaloneGit/Resources/pwms/M01491_2.00.meme	../StandaloneGit/Resources/pwms/M01483_2.00.meme	../StandaloneGit/Resources/pwms/M00158_2.00.meme	../StandaloneGit/Resources/pwms/M01478_2.00.meme	../StandaloneGit/Resources/pwms/M01481_2.00.meme	../StandaloneGit/Resources/pwms/M01971_2.00.meme	../StandaloneGit/Resources/pwms/M01482_2.00.meme	../StandaloneGit/Resources/pwms/M01489_2.00.meme	../StandaloneGit/Resources/pwms/M01490_2.00.meme	../StandaloneGit/Resources/pwms/M01479_2.00.meme	../StandaloneGit/Resources/pwms/M01492_2.00.meme	../StandaloneGit/Resources/pwms/M01485_2.00.meme	../StandaloneGit/Resources/pwms/M01488_2.00.meme	../StandaloneGit/Resources/pwms/M01477_2.00.meme	../StandaloneGit/Resources/pwms/M01494_2.00.meme	
ELF3	../StandaloneGit/Resources/pwms/M01484_2.00.meme	../StandaloneGit/Resources/pwms/M01476_2.00.meme	../StandaloneGit/Resources/pwms/M01492_2.00.meme	../StandaloneGit/Resources/pwms/M01491_2.00.meme	../StandaloneGit/Resources/pwms/M00158_2.00.meme	../StandaloneGit/Resources/pwms/M01494_2.00.meme	../StandaloneGit/Resources/pwms/M01490_2.00.meme	../StandaloneGit/Resources/pwms/M00156_2.00.meme	
ELK1	../StandaloneGit/Resources/pwms/M01496_2.00.meme	../StandaloneGit/Resources/pwms/M01479_2.00.meme	../StandaloneGit/Resources/pwms/M01492_2.00.meme	../StandaloneGit/Resources/pwms/M01478_2.00.meme	../StandaloneGit/Resources/pwms/M01481_2.00.meme	../StandaloneGit/Resources/pwms/M01971_2.00.meme	../StandaloneGit/Resources/pwms/M01485_2.00.meme	../StandaloneGit/Resources/pwms/M00157_2.00.meme	../StandaloneGit/Resources/pwms/M01486_2.00.meme	../StandaloneGit/Resources/pwms/M01493_2.00.meme	../StandaloneGit/Resources/pwms/M01483_2.00.meme	../StandaloneGit/Resources/pwms/M01972_2.00.meme	../StandaloneGit/Resources/pwms/M01477_2.00.meme	../StandaloneGit/Resources/pwms/M01494_2.00.meme	../StandaloneGit/Resources/pwms/M01489_2.00.meme	../StandaloneGit/Resources/pwms/M01487_2.00.meme	../StandaloneGit/Resources/pwms/M01482_2.00.meme	../StandaloneGit/Resources/pwms/M01495_2.00.meme	
ERG	../StandaloneGit/Resources/pwms/M01491_2.00.meme	../StandaloneGit/Resources/pwms/M01489_2.00.meme	../StandaloneGit/Resources/pwms/M01492_2.00.meme	../StandaloneGit/Resources/pwms/M01484_2.00.meme	../StandaloneGit/Resources/pwms/M01496_2.00.meme	../StandaloneGit/Resources/pwms/M01493_2.00.meme	../StandaloneGit/Resources/pwms/M01972_2.00.meme	../StandaloneGit/Resources/pwms/M01485_2.00.meme	../StandaloneGit/Resources/pwms/M01486_2.00.meme	../StandaloneGit/Resources/pwms/M00157_2.00.meme	../StandaloneGit/Resources/pwms/M01971_2.00.meme	../StandaloneGit/Resources/pwms/M01487_2.00.meme	../StandaloneGit/Resources/pwms/M00158_2.00.meme	../StandaloneGit/Resources/pwms/M01477_2.00.meme	../StandaloneGit/Resources/pwms/M01481_2.00.meme	../StandaloneGit/Resources/pwms/M01483_2.00.meme	../StandaloneGit/Resources/pwms/M01478_2.00.meme	../StandaloneGit/Resources/pwms/M01479_2.00.meme	../StandaloneGit/Resources/pwms/M01494_2.00.meme	../StandaloneGit/Resources/pwms/M01495_2.00.meme	../StandaloneGit/Resources/pwms/M01482_2.00.meme	
ESR1	../StandaloneGit/Resources/pwms/M01297_2.00.meme	../StandaloneGit/Resources/pwms/M00822_2.00.meme	../StandaloneGit/Resources/pwms/M00183_2.00.meme	../StandaloneGit/Resources/pwms/M02396_2.00.meme	../StandaloneGit/Resources/pwms/M00817_2.00.meme	../StandaloneGit/Resources/pwms/M02393_2.00.meme	../StandaloneGit/Resources/pwms/M02401_2.00.meme	../StandaloneGit/Resources/pwms/M00819_2.00.meme	../StandaloneGit/Resources/pwms/M00813_2.00.meme	../StandaloneGit/Resources/pwms/M02423_2.00.meme	../StandaloneGit/Resources/pwms/M02410_2.00.meme	../StandaloneGit/Resources/pwms/M00184_2.00.meme	../StandaloneGit/Resources/pwms/M00820_2.00.meme	../StandaloneGit/Resources/pwms/M02392_2.00.meme	../StandaloneGit/Resources/pwms/M00185_2.00.meme	../StandaloneGit/Resources/pwms/M02416_2.00.meme	../StandaloneGit/Resources/pwms/M02422_2.00.meme	../StandaloneGit/Resources/pwms/M00810_2.00.meme	../StandaloneGit/Resources/pwms/M02397_2.00.meme	../StandaloneGit/Resources/pwms/M02404_2.00.meme	
ESR2	../StandaloneGit/Resources/pwms/M01297_2.00.meme	../StandaloneGit/Resources/pwms/M00822_2.00.meme	../StandaloneGit/Resources/pwms/M02399_2.00.meme	../StandaloneGit/Resources/pwms/M02405_2.00.meme	../StandaloneGit/Resources/pwms/M00183_2.00.meme	../StandaloneGit/Resources/pwms/M02396_2.00.meme	../StandaloneGit/Resources/pwms/M02388_2.00.meme	../StandaloneGit/Resources/pwms/M00817_2.00.meme	../StandaloneGit/Resources/pwms/M02393_2.00.meme	../StandaloneGit/Resources/pwms/M02401_2.00.meme	../StandaloneGit/Resources/pwms/M00811_2.00.meme	../StandaloneGit/Resources/pwms/M00819_2.00.meme	../StandaloneGit/Resources/pwms/M00813_2.00.meme	../StandaloneGit/Resources/pwms/M02423_2.00.meme	../StandaloneGit/Resources/pwms/M02410_2.00.meme	../StandaloneGit/Resources/pwms/M00184_2.00.meme	../StandaloneGit/Resources/pwms/M02406_2.00.meme	../StandaloneGit/Resources/pwms/M00820_2.00.meme	../StandaloneGit/Resources/pwms/M02392_2.00.meme	../StandaloneGit/Resources/pwms/M00812_2.00.meme	../StandaloneGit/Resources/pwms/M00185_2.00.meme	../StandaloneGit/Resources/pwms/M02416_2.00.meme	../StandaloneGit/Resources/pwms/M02422_2.00.meme	../StandaloneGit/Resources/pwms/M00810_2.00.meme	../StandaloneGit/Resources/pwms/M02397_2.00.meme	../StandaloneGit/Resources/pwms/M02404_2.00.meme	
ETS1	../StandaloneGit/Resources/pwms/M01972_2.00.meme	../StandaloneGit/Resources/pwms/M01485_2.00.meme	../StandaloneGit/Resources/pwms/M01486_2.00.meme	../StandaloneGit/Resources/pwms/M00157_2.00.meme	../StandaloneGit/Resources/pwms/M01971_2.00.meme	../StandaloneGit/Resources/pwms/M01477_2.00.meme	../StandaloneGit/Resources/pwms/M01481_2.00.meme	../StandaloneGit/Resources/pwms/M01489_2.00.meme	../StandaloneGit/Resources/pwms/M01483_2.00.meme	../StandaloneGit/Resources/pwms/M01478_2.00.meme	../StandaloneGit/Resources/pwms/M01496_2.00.meme	../StandaloneGit/Resources/pwms/M01487_2.00.meme	../StandaloneGit/Resources/pwms/M01492_2.00.meme	../StandaloneGit/Resources/pwms/M01479_2.00.meme	../StandaloneGit/Resources/pwms/M01493_2.00.meme	../StandaloneGit/Resources/pwms/M01494_2.00.meme	../StandaloneGit/Resources/pwms/M01495_2.00.meme	../StandaloneGit/Resources/pwms/M01482_2.00.meme	
ETV1	../StandaloneGit/Resources/pwms/M01972_2.00.meme	../StandaloneGit/Resources/pwms/M01485_2.00.meme	../StandaloneGit/Resources/pwms/M01486_2.00.meme	../StandaloneGit/Resources/pwms/M00157_2.00.meme	../StandaloneGit/Resources/pwms/M01971_2.00.meme	../StandaloneGit/Resources/pwms/M01477_2.00.meme	../StandaloneGit/Resources/pwms/M01481_2.00.meme	../StandaloneGit/Resources/pwms/M01489_2.00.meme	../StandaloneGit/Resources/pwms/M01483_2.00.meme	../StandaloneGit/Resources/pwms/M01478_2.00.meme	../StandaloneGit/Resources/pwms/M01496_2.00.meme	../StandaloneGit/Resources/pwms/M01487_2.00.meme	../StandaloneGit/Resources/pwms/M01492_2.00.meme	../StandaloneGit/Resources/pwms/M01479_2.00.meme	../StandaloneGit/Resources/pwms/M01493_2.00.meme	../StandaloneGit/Resources/pwms/M01494_2.00.meme	../StandaloneGit/Resources/pwms/M01495_2.00.meme	../StandaloneGit/Resources/pwms/M01482_2.00.meme	
ETV5	../StandaloneGit/Resources/pwms/M01972_2.00.meme	../StandaloneGit/Resources/pwms/M01485_2.00.meme	../StandaloneGit/Resources/pwms/M01486_2.00.meme	../StandaloneGit/Resources/pwms/M00157_2.00.meme	../StandaloneGit/Resources/pwms/M01971_2.00.meme	../StandaloneGit/Resources/pwms/M01477_2.00.meme	../StandaloneGit/Resources/pwms/M01481_2.00.meme	../StandaloneGit/Resources/pwms/M01489_2.00.meme	../StandaloneGit/Resources/pwms/M01483_2.00.meme	../StandaloneGit/Resources/pwms/M01478_2.00.meme	../StandaloneGit/Resources/pwms/M01496_2.00.meme	../StandaloneGit/Resources/pwms/M01487_2.00.meme	../StandaloneGit/Resources/pwms/M01492_2.00.meme	../StandaloneGit/Resources/pwms/M01479_2.00.meme	../StandaloneGit/Resources/pwms/M01493_2.00.meme	../StandaloneGit/Resources/pwms/M01494_2.00.meme	../StandaloneGit/Resources/pwms/M01495_2.00.meme	../StandaloneGit/Resources/pwms/M01482_2.00.meme	
FLI1	../StandaloneGit/Resources/pwms/M01491_2.00.meme	../StandaloneGit/Resources/pwms/M01489_2.00.meme	../StandaloneGit/Resources/pwms/M01492_2.00.meme	../StandaloneGit/Resources/pwms/M01496_2.00.meme	../StandaloneGit/Resources/pwms/M01493_2.00.meme	../StandaloneGit/Resources/pwms/M01972_2.00.meme	../StandaloneGit/Resources/pwms/M01485_2.00.meme	../StandaloneGit/Resources/pwms/M01486_2.00.meme	../StandaloneGit/Resources/pwms/M00157_2.00.meme	../StandaloneGit/Resources/pwms/M01971_2.00.meme	../StandaloneGit/Resources/pwms/M01487_2.00.meme	../StandaloneGit/Resources/pwms/M01477_2.00.meme	../StandaloneGit/Resources/pwms/M01481_2.00.meme	../StandaloneGit/Resources/pwms/M01483_2.00.meme	../StandaloneGit/Resources/pwms/M01478_2.00.meme	../StandaloneGit/Resources/pwms/M01479_2.00.meme	../StandaloneGit/Resources/pwms/M01494_2.00.meme	../StandaloneGit/Resources/pwms/M01495_2.00.meme	../StandaloneGit/Resources/pwms/M01482_2.00.meme	
FOSL1	../StandaloneGit/Resources/pwms/M01809_2.00.meme	../StandaloneGit/Resources/pwms/M00125_2.00.meme	../StandaloneGit/Resources/pwms/M01805_2.00.meme	../StandaloneGit/Resources/pwms/M01810_2.00.meme	
FOSL2	../StandaloneGit/Resources/pwms/M01809_2.00.meme	../StandaloneGit/Resources/pwms/M01805_2.00.meme	
FOXA1	../StandaloneGit/Resources/pwms/M00162_2.00.meme	../StandaloneGit/Resources/pwms/M01983_2.00.meme	../StandaloneGit/Resources/pwms/M01990_2.00.meme	
FOXA2	../StandaloneGit/Resources/pwms/M00162_2.00.meme	../StandaloneGit/Resources/pwms/M01983_2.00.meme	../StandaloneGit/Resources/pwms/M01990_2.00.meme	
FOXA3	../StandaloneGit/Resources/pwms/M00162_2.00.meme	../StandaloneGit/Resources/pwms/M01983_2.00.meme	../StandaloneGit/Resources/pwms/M01990_2.00.meme	
FOXO1	../StandaloneGit/Resources/pwms/M00798_2.00.meme	../StandaloneGit/Resources/pwms/M00797_2.00.meme	../StandaloneGit/Resources/pwms/M00794_2.00.meme	../StandaloneGit/Resources/pwms/M00793_2.00.meme	../StandaloneGit/Resources/pwms/M00837_2.00.meme	../StandaloneGit/Resources/pwms/M00836_2.00.meme	../StandaloneGit/Resources/pwms/M01976_2.00.meme	../StandaloneGit/Resources/pwms/M01989_2.00.meme	../StandaloneGit/Resources/pwms/M00795_2.00.meme	
FOXP1	../StandaloneGit/Resources/pwms/M01981_2.00.meme	../StandaloneGit/Resources/pwms/M00792_2.00.meme	../StandaloneGit/Resources/pwms/M00160_2.00.meme	../StandaloneGit/Resources/pwms/M00793_2.00.meme	../StandaloneGit/Resources/pwms/M00837_2.00.meme	../StandaloneGit/Resources/pwms/M00836_2.00.meme	../StandaloneGit/Resources/pwms/M00796_2.00.meme	../StandaloneGit/Resources/pwms/M00839_2.00.meme	../StandaloneGit/Resources/pwms/M01976_2.00.meme	../StandaloneGit/Resources/pwms/M01987_2.00.meme	../StandaloneGit/Resources/pwms/M00838_2.00.meme	
GABPA	../StandaloneGit/Resources/pwms/M01972_2.00.meme	../StandaloneGit/Resources/pwms/M01485_2.00.meme	../StandaloneGit/Resources/pwms/M01486_2.00.meme	../StandaloneGit/Resources/pwms/M00157_2.00.meme	../StandaloneGit/Resources/pwms/M01971_2.00.meme	../StandaloneGit/Resources/pwms/M01477_2.00.meme	../StandaloneGit/Resources/pwms/M01481_2.00.meme	../StandaloneGit/Resources/pwms/M01489_2.00.meme	../StandaloneGit/Resources/pwms/M01483_2.00.meme	../StandaloneGit/Resources/pwms/M01478_2.00.meme	../StandaloneGit/Resources/pwms/M01496_2.00.meme	../StandaloneGit/Resources/pwms/M01487_2.00.meme	../StandaloneGit/Resources/pwms/M01492_2.00.meme	../StandaloneGit/Resources/pwms/M01479_2.00.meme	../StandaloneGit/Resources/pwms/M01493_2.00.meme	../StandaloneGit/Resources/pwms/M01494_2.00.meme	../StandaloneGit/Resources/pwms/M01495_2.00.meme	../StandaloneGit/Resources/pwms/M01482_2.00.meme	
GATA1	../StandaloneGit/Resources/pwms/M00167_2.00.meme	../StandaloneGit/Resources/pwms/M00166_2.00.meme	../StandaloneGit/Resources/pwms/M00165_2.00.meme	../StandaloneGit/Resources/pwms/M00799_2.00.meme	
GATA2	../StandaloneGit/Resources/pwms/M00167_2.00.meme	../StandaloneGit/Resources/pwms/M00166_2.00.meme	../StandaloneGit/Resources/pwms/M00165_2.00.meme	../StandaloneGit/Resources/pwms/M00799_2.00.meme	
GATA3	../StandaloneGit/Resources/pwms/M00167_2.00.meme	../StandaloneGit/Resources/pwms/M00166_2.00.meme	../StandaloneGit/Resources/pwms/M00165_2.00.meme	../StandaloneGit/Resources/pwms/M00799_2.00.meme	
GATA4	../StandaloneGit/Resources/pwms/M00167_2.00.meme	../StandaloneGit/Resources/pwms/M00166_2.00.meme	../StandaloneGit/Resources/pwms/M00165_2.00.meme	../StandaloneGit/Resources/pwms/M00799_2.00.meme	
GATA6	../StandaloneGit/Resources/pwms/M00167_2.00.meme	../StandaloneGit/Resources/pwms/M00166_2.00.meme	../StandaloneGit/Resources/pwms/M00165_2.00.meme	../StandaloneGit/Resources/pwms/M00799_2.00.meme	
HIC1	../StandaloneGit/Resources/pwms/M00141_2.00.meme	
HLF	../StandaloneGit/Resources/pwms/M01803_2.00.meme	
HNF1A	../StandaloneGit/Resources/pwms/M00408_2.00.meme	../StandaloneGit/Resources/pwms/M00171_2.00.meme	../StandaloneGit/Resources/pwms/M00419_2.00.meme	../StandaloneGit/Resources/pwms/M00444_2.00.meme	
HNF4A	../StandaloneGit/Resources/pwms/M02402_2.00.meme	../StandaloneGit/Resources/pwms/M02393_2.00.meme	../StandaloneGit/Resources/pwms/M02396_2.00.meme	../StandaloneGit/Resources/pwms/M00822_2.00.meme	../StandaloneGit/Resources/pwms/M02421_2.00.meme	../StandaloneGit/Resources/pwms/M00814_2.00.meme	../StandaloneGit/Resources/pwms/M02394_2.00.meme	../StandaloneGit/Resources/pwms/M00182_2.00.meme	../StandaloneGit/Resources/pwms/M02408_2.00.meme	../StandaloneGit/Resources/pwms/M00184_2.00.meme	../StandaloneGit/Resources/pwms/M02400_2.00.meme	
HNF4G	../StandaloneGit/Resources/pwms/M02402_2.00.meme	../StandaloneGit/Resources/pwms/M00181_2.00.meme	../StandaloneGit/Resources/pwms/M02393_2.00.meme	../StandaloneGit/Resources/pwms/M02396_2.00.meme	../StandaloneGit/Resources/pwms/M00822_2.00.meme	../StandaloneGit/Resources/pwms/M02421_2.00.meme	../StandaloneGit/Resources/pwms/M02400_2.00.meme	../StandaloneGit/Resources/pwms/M00814_2.00.meme	../StandaloneGit/Resources/pwms/M02394_2.00.meme	../StandaloneGit/Resources/pwms/M02422_2.00.meme	../StandaloneGit/Resources/pwms/M02410_2.00.meme	../StandaloneGit/Resources/pwms/M00182_2.00.meme	../StandaloneGit/Resources/pwms/M02408_2.00.meme	../StandaloneGit/Resources/pwms/M00184_2.00.meme	../StandaloneGit/Resources/pwms/M00812_2.00.meme	../StandaloneGit/Resources/pwms/M02399_2.00.meme	
HSF1	../StandaloneGit/Resources/pwms/M02248_2.00.meme	
IRF1	../StandaloneGit/Resources/pwms/M00805_2.00.meme	
IRF4	../StandaloneGit/Resources/pwms/M00175_2.00.meme	
JUN	../StandaloneGit/Resources/pwms/M00995_2.00.meme	../StandaloneGit/Resources/pwms/M01822_2.00.meme	../StandaloneGit/Resources/pwms/M00760_2.00.meme	../StandaloneGit/Resources/pwms/M01000_2.00.meme	../StandaloneGit/Resources/pwms/M01816_2.00.meme	../StandaloneGit/Resources/pwms/M01842_2.00.meme	../StandaloneGit/Resources/pwms/M01001_2.00.meme	
JUNB	../StandaloneGit/Resources/pwms/M00995_2.00.meme	../StandaloneGit/Resources/pwms/M01822_2.00.meme	../StandaloneGit/Resources/pwms/M00760_2.00.meme	../StandaloneGit/Resources/pwms/M01000_2.00.meme	../StandaloneGit/Resources/pwms/M01816_2.00.meme	../StandaloneGit/Resources/pwms/M01842_2.00.meme	../StandaloneGit/Resources/pwms/M01001_2.00.meme	
JUND	../StandaloneGit/Resources/pwms/M00995_2.00.meme	../StandaloneGit/Resources/pwms/M01822_2.00.meme	../StandaloneGit/Resources/pwms/M00760_2.00.meme	../StandaloneGit/Resources/pwms/M01000_2.00.meme	../StandaloneGit/Resources/pwms/M01816_2.00.meme	../StandaloneGit/Resources/pwms/M01842_2.00.meme	../StandaloneGit/Resources/pwms/M01001_2.00.meme	
KLF1	../StandaloneGit/Resources/pwms/M00226_2.00.meme	../StandaloneGit/Resources/pwms/M00223_2.00.meme	../StandaloneGit/Resources/pwms/M00134_2.00.meme	../StandaloneGit/Resources/pwms/M00224_2.00.meme	../StandaloneGit/Resources/pwms/M00787_2.00.meme	../StandaloneGit/Resources/pwms/M00779_2.00.meme	../StandaloneGit/Resources/pwms/M00225_2.00.meme	
KLF5	../StandaloneGit/Resources/pwms/M00226_2.00.meme	../StandaloneGit/Resources/pwms/M00134_2.00.meme	../StandaloneGit/Resources/pwms/M00224_2.00.meme	../StandaloneGit/Resources/pwms/M00787_2.00.meme	../StandaloneGit/Resources/pwms/M00779_2.00.meme	
KLF8	../StandaloneGit/Resources/pwms/M00226_2.00.meme	../StandaloneGit/Resources/pwms/M00134_2.00.meme	../StandaloneGit/Resources/pwms/M00224_2.00.meme	../StandaloneGit/Resources/pwms/M00787_2.00.meme	../StandaloneGit/Resources/pwms/M00779_2.00.meme	
KLF9	../StandaloneGit/Resources/pwms/M00777_2.00.meme	
LEF1	../StandaloneGit/Resources/pwms/M00200_2.00.meme	../StandaloneGit/Resources/pwms/M00193_2.00.meme	../StandaloneGit/Resources/pwms/M00198_2.00.meme	../StandaloneGit/Resources/pwms/M00207_2.00.meme	
NANOG	../StandaloneGit/Resources/pwms/M00172_2.00.meme	../StandaloneGit/Resources/pwms/M00446_2.00.meme	../StandaloneGit/Resources/pwms/M00479_2.00.meme	../StandaloneGit/Resources/pwms/M00304_2.00.meme	../StandaloneGit/Resources/pwms/M00384_2.00.meme	../StandaloneGit/Resources/pwms/M00289_2.00.meme	../StandaloneGit/Resources/pwms/M02083_2.00.meme	../StandaloneGit/Resources/pwms/M00531_2.00.meme	../StandaloneGit/Resources/pwms/M00449_2.00.meme	../StandaloneGit/Resources/pwms/M00492_2.00.meme	../StandaloneGit/Resources/pwms/M00450_2.00.meme	../StandaloneGit/Resources/pwms/M00328_2.00.meme	../StandaloneGit/Resources/pwms/M02115_2.00.meme	../StandaloneGit/Resources/pwms/M00290_2.00.meme	../StandaloneGit/Resources/pwms/M00387_2.00.meme	../StandaloneGit/Resources/pwms/M02098_2.00.meme	../StandaloneGit/Resources/pwms/M00530_2.00.meme	../StandaloneGit/Resources/pwms/M00460_2.00.meme	../StandaloneGit/Resources/pwms/M00507_2.00.meme	../StandaloneGit/Resources/pwms/M00403_2.00.meme	../StandaloneGit/Resources/pwms/M02175_2.00.meme	../StandaloneGit/Resources/pwms/M00504_2.00.meme	../StandaloneGit/Resources/pwms/M02215_2.00.meme	../StandaloneGit/Resources/pwms/M02106_2.00.meme	../StandaloneGit/Resources/pwms/M00388_2.00.meme	../StandaloneGit/Resources/pwms/M02112_2.00.meme	../StandaloneGit/Resources/pwms/M00395_2.00.meme	../StandaloneGit/Resources/pwms/M00329_2.00.meme	../StandaloneGit/Resources/pwms/M00491_2.00.meme	../StandaloneGit/Resources/pwms/M00429_2.00.meme	../StandaloneGit/Resources/pwms/M00555_2.00.meme	../StandaloneGit/Resources/pwms/M00485_2.00.meme	../StandaloneGit/Resources/pwms/M00516_2.00.meme	../StandaloneGit/Resources/pwms/M02186_2.00.meme	../StandaloneGit/Resources/pwms/M02091_2.00.meme	../StandaloneGit/Resources/pwms/M00305_2.00.meme	../StandaloneGit/Resources/pwms/M02113_2.00.meme	../StandaloneGit/Resources/pwms/M00413_2.00.meme	../StandaloneGit/Resources/pwms/M00303_2.00.meme	../StandaloneGit/Resources/pwms/M00457_2.00.meme	../StandaloneGit/Resources/pwms/M00480_2.00.meme	../StandaloneGit/Resources/pwms/M00288_2.00.meme	../StandaloneGit/Resources/pwms/M00433_2.00.meme	../StandaloneGit/Resources/pwms/M00501_2.00.meme	../StandaloneGit/Resources/pwms/M00478_2.00.meme	../StandaloneGit/Resources/pwms/M02118_2.00.meme	../StandaloneGit/Resources/pwms/M00525_2.00.meme	../StandaloneGit/Resources/pwms/M00393_2.00.meme	../StandaloneGit/Resources/pwms/M00383_2.00.meme	../StandaloneGit/Resources/pwms/M00330_2.00.meme	../StandaloneGit/Resources/pwms/M02199_2.00.meme	../StandaloneGit/Resources/pwms/M00451_2.00.meme	../StandaloneGit/Resources/pwms/M00462_2.00.meme	../StandaloneGit/Resources/pwms/M00499_2.00.meme	../StandaloneGit/Resources/pwms/M00556_2.00.meme	../StandaloneGit/Resources/pwms/M00532_2.00.meme	../StandaloneGit/Resources/pwms/M00409_2.00.meme	../StandaloneGit/Resources/pwms/M00422_2.00.meme	../StandaloneGit/Resources/pwms/M00414_2.00.meme	../StandaloneGit/Resources/pwms/M02166_2.00.meme	../StandaloneGit/Resources/pwms/M02128_2.00.meme	../StandaloneGit/Resources/pwms/M00423_2.00.meme	../StandaloneGit/Resources/pwms/M02107_2.00.meme	../StandaloneGit/Resources/pwms/M00524_2.00.meme	../StandaloneGit/Resources/pwms/M02170_2.00.meme	
NFE2	../StandaloneGit/Resources/pwms/M01142_2.00.meme	
NR1H3	../StandaloneGit/Resources/pwms/M02422_2.00.meme	../StandaloneGit/Resources/pwms/M00181_2.00.meme	../StandaloneGit/Resources/pwms/M02404_2.00.meme	../StandaloneGit/Resources/pwms/M00819_2.00.meme	../StandaloneGit/Resources/pwms/M00822_2.00.meme	../StandaloneGit/Resources/pwms/M00185_2.00.meme	../StandaloneGit/Resources/pwms/M02410_2.00.meme	../StandaloneGit/Resources/pwms/M00184_2.00.meme	../StandaloneGit/Resources/pwms/M02396_2.00.meme	../StandaloneGit/Resources/pwms/M02392_2.00.meme	../StandaloneGit/Resources/pwms/M01297_2.00.meme	../StandaloneGit/Resources/pwms/M02397_2.00.meme	../StandaloneGit/Resources/pwms/M02402_2.00.meme	../StandaloneGit/Resources/pwms/M02406_2.00.meme	../StandaloneGit/Resources/pwms/M00367_2.00.meme	../StandaloneGit/Resources/pwms/M00810_2.00.meme	../StandaloneGit/Resources/pwms/M00368_2.00.meme	../StandaloneGit/Resources/pwms/M02423_2.00.meme	../StandaloneGit/Resources/pwms/M02393_2.00.meme	../StandaloneGit/Resources/pwms/M00820_2.00.meme	../StandaloneGit/Resources/pwms/M02405_2.00.meme	../StandaloneGit/Resources/pwms/M02399_2.00.meme	../StandaloneGit/Resources/pwms/M00812_2.00.meme	../StandaloneGit/Resources/pwms/M02388_2.00.meme	../StandaloneGit/Resources/pwms/M02416_2.00.meme	../StandaloneGit/Resources/pwms/M00813_2.00.meme	../StandaloneGit/Resources/pwms/M02401_2.00.meme	../StandaloneGit/Resources/pwms/M00811_2.00.meme	
NR1H4	../StandaloneGit/Resources/pwms/M02422_2.00.meme	../StandaloneGit/Resources/pwms/M00181_2.00.meme	../StandaloneGit/Resources/pwms/M02403_2.00.meme	../StandaloneGit/Resources/pwms/M02404_2.00.meme	../StandaloneGit/Resources/pwms/M00819_2.00.meme	../StandaloneGit/Resources/pwms/M00822_2.00.meme	../StandaloneGit/Resources/pwms/M00185_2.00.meme	../StandaloneGit/Resources/pwms/M02410_2.00.meme	../StandaloneGit/Resources/pwms/M00184_2.00.meme	../StandaloneGit/Resources/pwms/M02396_2.00.meme	../StandaloneGit/Resources/pwms/M02392_2.00.meme	../StandaloneGit/Resources/pwms/M01297_2.00.meme	../StandaloneGit/Resources/pwms/M02397_2.00.meme	../StandaloneGit/Resources/pwms/M02402_2.00.meme	../StandaloneGit/Resources/pwms/M02406_2.00.meme	../StandaloneGit/Resources/pwms/M00367_2.00.meme	../StandaloneGit/Resources/pwms/M00810_2.00.meme	../StandaloneGit/Resources/pwms/M00368_2.00.meme	../StandaloneGit/Resources/pwms/M02423_2.00.meme	../StandaloneGit/Resources/pwms/M02393_2.00.meme	../StandaloneGit/Resources/pwms/M00820_2.00.meme	../StandaloneGit/Resources/pwms/M02405_2.00.meme	../StandaloneGit/Resources/pwms/M02399_2.00.meme	../StandaloneGit/Resources/pwms/M00812_2.00.meme	../StandaloneGit/Resources/pwms/M02388_2.00.meme	../StandaloneGit/Resources/pwms/M02416_2.00.meme	../StandaloneGit/Resources/pwms/M00813_2.00.meme	../StandaloneGit/Resources/pwms/M02400_2.00.meme	../StandaloneGit/Resources/pwms/M02401_2.00.meme	../StandaloneGit/Resources/pwms/M00811_2.00.meme	
NR2C1	../StandaloneGit/Resources/pwms/M02422_2.00.meme	../StandaloneGit/Resources/pwms/M00181_2.00.meme	../StandaloneGit/Resources/pwms/M02404_2.00.meme	../StandaloneGit/Resources/pwms/M00819_2.00.meme	../StandaloneGit/Resources/pwms/M00822_2.00.meme	../StandaloneGit/Resources/pwms/M00185_2.00.meme	../StandaloneGit/Resources/pwms/M02410_2.00.meme	../StandaloneGit/Resources/pwms/M00184_2.00.meme	../StandaloneGit/Resources/pwms/M02396_2.00.meme	../StandaloneGit/Resources/pwms/M00816_2.00.meme	../StandaloneGit/Resources/pwms/M02392_2.00.meme	../StandaloneGit/Resources/pwms/M01297_2.00.meme	../StandaloneGit/Resources/pwms/M02407_2.00.meme	../StandaloneGit/Resources/pwms/M02397_2.00.meme	../StandaloneGit/Resources/pwms/M01298_2.00.meme	../StandaloneGit/Resources/pwms/M00182_2.00.meme	../StandaloneGit/Resources/pwms/M00818_2.00.meme	../StandaloneGit/Resources/pwms/M02402_2.00.meme	../StandaloneGit/Resources/pwms/M02406_2.00.meme	../StandaloneGit/Resources/pwms/M00367_2.00.meme	../StandaloneGit/Resources/pwms/M00810_2.00.meme	../StandaloneGit/Resources/pwms/M00368_2.00.meme	../StandaloneGit/Resources/pwms/M02423_2.00.meme	../StandaloneGit/Resources/pwms/M02393_2.00.meme	../StandaloneGit/Resources/pwms/M00820_2.00.meme	../StandaloneGit/Resources/pwms/M02405_2.00.meme	../StandaloneGit/Resources/pwms/M02399_2.00.meme	../StandaloneGit/Resources/pwms/M00812_2.00.meme	../StandaloneGit/Resources/pwms/M02388_2.00.meme	../StandaloneGit/Resources/pwms/M02416_2.00.meme	../StandaloneGit/Resources/pwms/M00813_2.00.meme	../StandaloneGit/Resources/pwms/M02400_2.00.meme	../StandaloneGit/Resources/pwms/M02401_2.00.meme	../StandaloneGit/Resources/pwms/M00811_2.00.meme	
NR2C2	../StandaloneGit/Resources/pwms/M02388_2.00.meme	../StandaloneGit/Resources/pwms/M00184_2.00.meme	../StandaloneGit/Resources/pwms/M02392_2.00.meme	../StandaloneGit/Resources/pwms/M02416_2.00.meme	../StandaloneGit/Resources/pwms/M02404_2.00.meme	../StandaloneGit/Resources/pwms/M00185_2.00.meme	../StandaloneGit/Resources/pwms/M02393_2.00.meme	../StandaloneGit/Resources/pwms/M00811_2.00.meme	../StandaloneGit/Resources/pwms/M00820_2.00.meme	../StandaloneGit/Resources/pwms/M00822_2.00.meme	../StandaloneGit/Resources/pwms/M02397_2.00.meme	../StandaloneGit/Resources/pwms/M02410_2.00.meme	../StandaloneGit/Resources/pwms/M02402_2.00.meme	../StandaloneGit/Resources/pwms/M02405_2.00.meme	../StandaloneGit/Resources/pwms/M02423_2.00.meme	../StandaloneGit/Resources/pwms/M00368_2.00.meme	../StandaloneGit/Resources/pwms/M00367_2.00.meme	../StandaloneGit/Resources/pwms/M00812_2.00.meme	../StandaloneGit/Resources/pwms/M02396_2.00.meme	../StandaloneGit/Resources/pwms/M02400_2.00.meme	../StandaloneGit/Resources/pwms/M00181_2.00.meme	../StandaloneGit/Resources/pwms/M02406_2.00.meme	../StandaloneGit/Resources/pwms/M02399_2.00.meme	../StandaloneGit/Resources/pwms/M02401_2.00.meme	../StandaloneGit/Resources/pwms/M01297_2.00.meme	../StandaloneGit/Resources/pwms/M00816_2.00.meme	../StandaloneGit/Resources/pwms/M02422_2.00.meme	../StandaloneGit/Resources/pwms/M00810_2.00.meme	../StandaloneGit/Resources/pwms/M00813_2.00.meme	../StandaloneGit/Resources/pwms/M00819_2.00.meme	
OLIG2	../StandaloneGit/Resources/pwms/M01745_2.00.meme	
OSR2	../StandaloneGit/Resources/pwms/M00144_2.00.meme	../StandaloneGit/Resources/pwms/M00618_2.00.meme	../StandaloneGit/Resources/pwms/M01174_2.00.meme	../StandaloneGit/Resources/pwms/M00132_2.00.meme	
OTX2	../StandaloneGit/Resources/pwms/M00310_2.00.meme	../StandaloneGit/Resources/pwms/M00274_2.00.meme	../StandaloneGit/Resources/pwms/M02120_2.00.meme	../StandaloneGit/Resources/pwms/M00311_2.00.meme	../StandaloneGit/Resources/pwms/M00415_2.00.meme	../StandaloneGit/Resources/pwms/M00396_2.00.meme	../StandaloneGit/Resources/pwms/M00428_2.00.meme	../StandaloneGit/Resources/pwms/M00270_2.00.meme	../StandaloneGit/Resources/pwms/M00313_2.00.meme	../StandaloneGit/Resources/pwms/M02123_2.00.meme	../StandaloneGit/Resources/pwms/M00411_2.00.meme	../StandaloneGit/Resources/pwms/M00275_2.00.meme	../StandaloneGit/Resources/pwms/M02122_2.00.meme	../StandaloneGit/Resources/pwms/M00312_2.00.meme	../StandaloneGit/Resources/pwms/M00489_2.00.meme	../StandaloneGit/Resources/pwms/M01241_2.00.meme	../StandaloneGit/Resources/pwms/M00441_2.00.meme	../StandaloneGit/Resources/pwms/M00440_2.00.meme	../StandaloneGit/Resources/pwms/M00562_2.00.meme	../StandaloneGit/Resources/pwms/M00271_2.00.meme	../StandaloneGit/Resources/pwms/M00418_2.00.meme	../StandaloneGit/Resources/pwms/M00314_2.00.meme	../StandaloneGit/Resources/pwms/M00273_2.00.meme	../StandaloneGit/Resources/pwms/M02035_2.00.meme	../StandaloneGit/Resources/pwms/M00272_2.00.meme	
PAX5	../StandaloneGit/Resources/pwms/M00706_2.00.meme	../StandaloneGit/Resources/pwms/M02428_2.00.meme	../StandaloneGit/Resources/pwms/M02426_2.00.meme	../StandaloneGit/Resources/pwms/M01302_2.00.meme	../StandaloneGit/Resources/pwms/M00346_2.00.meme	../StandaloneGit/Resources/pwms/M01301_2.00.meme	../StandaloneGit/Resources/pwms/M00345_2.00.meme	../StandaloneGit/Resources/pwms/M02425_2.00.meme	
PBX1	../StandaloneGit/Resources/pwms/M02110_2.00.meme	../StandaloneGit/Resources/pwms/M00276_2.00.meme	../StandaloneGit/Resources/pwms/M00513_2.00.meme	../StandaloneGit/Resources/pwms/M00277_2.00.meme	
PBX2	../StandaloneGit/Resources/pwms/M02110_2.00.meme	../StandaloneGit/Resources/pwms/M00276_2.00.meme	../StandaloneGit/Resources/pwms/M00513_2.00.meme	../StandaloneGit/Resources/pwms/M00277_2.00.meme	
PBX3	../StandaloneGit/Resources/pwms/M02110_2.00.meme	../StandaloneGit/Resources/pwms/M00276_2.00.meme	../StandaloneGit/Resources/pwms/M00513_2.00.meme	../StandaloneGit/Resources/pwms/M00277_2.00.meme	
PPARG	../StandaloneGit/Resources/pwms/M02388_2.00.meme	../StandaloneGit/Resources/pwms/M00184_2.00.meme	../StandaloneGit/Resources/pwms/M02392_2.00.meme	../StandaloneGit/Resources/pwms/M02416_2.00.meme	../StandaloneGit/Resources/pwms/M02404_2.00.meme	../StandaloneGit/Resources/pwms/M00185_2.00.meme	../StandaloneGit/Resources/pwms/M02393_2.00.meme	../StandaloneGit/Resources/pwms/M00811_2.00.meme	../StandaloneGit/Resources/pwms/M00820_2.00.meme	../StandaloneGit/Resources/pwms/M00822_2.00.meme	../StandaloneGit/Resources/pwms/M02397_2.00.meme	../StandaloneGit/Resources/pwms/M02410_2.00.meme	../StandaloneGit/Resources/pwms/M02407_2.00.meme	../StandaloneGit/Resources/pwms/M02402_2.00.meme	../StandaloneGit/Resources/pwms/M02405_2.00.meme	../StandaloneGit/Resources/pwms/M00812_2.00.meme	../StandaloneGit/Resources/pwms/M02396_2.00.meme	../StandaloneGit/Resources/pwms/M02400_2.00.meme	../StandaloneGit/Resources/pwms/M00181_2.00.meme	../StandaloneGit/Resources/pwms/M02406_2.00.meme	../StandaloneGit/Resources/pwms/M02399_2.00.meme	../StandaloneGit/Resources/pwms/M02401_2.00.meme	../StandaloneGit/Resources/pwms/M02422_2.00.meme	../StandaloneGit/Resources/pwms/M00810_2.00.meme	../StandaloneGit/Resources/pwms/M00819_2.00.meme	
RARA	../StandaloneGit/Resources/pwms/M02388_2.00.meme	../StandaloneGit/Resources/pwms/M00184_2.00.meme	../StandaloneGit/Resources/pwms/M02392_2.00.meme	../StandaloneGit/Resources/pwms/M02416_2.00.meme	../StandaloneGit/Resources/pwms/M02404_2.00.meme	../StandaloneGit/Resources/pwms/M00185_2.00.meme	../StandaloneGit/Resources/pwms/M02393_2.00.meme	../StandaloneGit/Resources/pwms/M00811_2.00.meme	../StandaloneGit/Resources/pwms/M00820_2.00.meme	../StandaloneGit/Resources/pwms/M00822_2.00.meme	../StandaloneGit/Resources/pwms/M02397_2.00.meme	../StandaloneGit/Resources/pwms/M02410_2.00.meme	../StandaloneGit/Resources/pwms/M02407_2.00.meme	../StandaloneGit/Resources/pwms/M02402_2.00.meme	../StandaloneGit/Resources/pwms/M02405_2.00.meme	../StandaloneGit/Resources/pwms/M02423_2.00.meme	../StandaloneGit/Resources/pwms/M00368_2.00.meme	../StandaloneGit/Resources/pwms/M00367_2.00.meme	../StandaloneGit/Resources/pwms/M00812_2.00.meme	../StandaloneGit/Resources/pwms/M02396_2.00.meme	../StandaloneGit/Resources/pwms/M02400_2.00.meme	../StandaloneGit/Resources/pwms/M00181_2.00.meme	../StandaloneGit/Resources/pwms/M02406_2.00.meme	../StandaloneGit/Resources/pwms/M02399_2.00.meme	../StandaloneGit/Resources/pwms/M02401_2.00.meme	../StandaloneGit/Resources/pwms/M01297_2.00.meme	../StandaloneGit/Resources/pwms/M00816_2.00.meme	../StandaloneGit/Resources/pwms/M02422_2.00.meme	../StandaloneGit/Resources/pwms/M00810_2.00.meme	../StandaloneGit/Resources/pwms/M00813_2.00.meme	../StandaloneGit/Resources/pwms/M00819_2.00.meme	
RFX1	../StandaloneGit/Resources/pwms/M02454_2.00.meme	../StandaloneGit/Resources/pwms/M02451_2.00.meme	../StandaloneGit/Resources/pwms/M02450_2.00.meme	../StandaloneGit/Resources/pwms/M02449_2.00.meme	../StandaloneGit/Resources/pwms/M00186_2.00.meme	../StandaloneGit/Resources/pwms/M02456_2.00.meme	../StandaloneGit/Resources/pwms/M00709_2.00.meme	../StandaloneGit/Resources/pwms/M00188_2.00.meme	../StandaloneGit/Resources/pwms/M02447_2.00.meme	../StandaloneGit/Resources/pwms/M02448_2.00.meme	
RFX2	../StandaloneGit/Resources/pwms/M00188_2.00.meme	../StandaloneGit/Resources/pwms/M02451_2.00.meme	../StandaloneGit/Resources/pwms/M02450_2.00.meme	../StandaloneGit/Resources/pwms/M02447_2.00.meme	../StandaloneGit/Resources/pwms/M02448_2.00.meme	../StandaloneGit/Resources/pwms/M00709_2.00.meme	../StandaloneGit/Resources/pwms/M00186_2.00.meme	../StandaloneGit/Resources/pwms/M02456_2.00.meme	../StandaloneGit/Resources/pwms/M02454_2.00.meme	../StandaloneGit/Resources/pwms/M02449_2.00.meme	
RFX5	../StandaloneGit/Resources/pwms/M00187_2.00.meme	../StandaloneGit/Resources/pwms/M00823_2.00.meme	
RUNX1	../StandaloneGit/Resources/pwms/M01307_2.00.meme	
RUNX2	../StandaloneGit/Resources/pwms/M01307_2.00.meme	
RUNX3	../StandaloneGit/Resources/pwms/M01307_2.00.meme	
RXRA	../StandaloneGit/Resources/pwms/M02388_2.00.meme	../StandaloneGit/Resources/pwms/M00184_2.00.meme	../StandaloneGit/Resources/pwms/M02392_2.00.meme	../StandaloneGit/Resources/pwms/M02416_2.00.meme	../StandaloneGit/Resources/pwms/M02404_2.00.meme	../StandaloneGit/Resources/pwms/M00185_2.00.meme	../StandaloneGit/Resources/pwms/M02393_2.00.meme	../StandaloneGit/Resources/pwms/M00811_2.00.meme	../StandaloneGit/Resources/pwms/M00815_2.00.meme	../StandaloneGit/Resources/pwms/M00820_2.00.meme	../StandaloneGit/Resources/pwms/M00822_2.00.meme	../StandaloneGit/Resources/pwms/M02397_2.00.meme	../StandaloneGit/Resources/pwms/M02410_2.00.meme	../StandaloneGit/Resources/pwms/M02407_2.00.meme	../StandaloneGit/Resources/pwms/M02402_2.00.meme	../StandaloneGit/Resources/pwms/M02405_2.00.meme	../StandaloneGit/Resources/pwms/M02423_2.00.meme	../StandaloneGit/Resources/pwms/M00368_2.00.meme	../StandaloneGit/Resources/pwms/M00367_2.00.meme	../StandaloneGit/Resources/pwms/M01298_2.00.meme	../StandaloneGit/Resources/pwms/M00812_2.00.meme	../StandaloneGit/Resources/pwms/M02396_2.00.meme	../StandaloneGit/Resources/pwms/M02400_2.00.meme	../StandaloneGit/Resources/pwms/M00181_2.00.meme	../StandaloneGit/Resources/pwms/M02406_2.00.meme	../StandaloneGit/Resources/pwms/M02399_2.00.meme	../StandaloneGit/Resources/pwms/M02401_2.00.meme	../StandaloneGit/Resources/pwms/M00816_2.00.meme	../StandaloneGit/Resources/pwms/M02422_2.00.meme	../StandaloneGit/Resources/pwms/M00818_2.00.meme	../StandaloneGit/Resources/pwms/M00810_2.00.meme	../StandaloneGit/Resources/pwms/M00819_2.00.meme	
RXRB	../StandaloneGit/Resources/pwms/M02388_2.00.meme	../StandaloneGit/Resources/pwms/M00184_2.00.meme	../StandaloneGit/Resources/pwms/M02392_2.00.meme	../StandaloneGit/Resources/pwms/M02416_2.00.meme	../StandaloneGit/Resources/pwms/M02404_2.00.meme	../StandaloneGit/Resources/pwms/M00182_2.00.meme	../StandaloneGit/Resources/pwms/M00185_2.00.meme	../StandaloneGit/Resources/pwms/M02393_2.00.meme	../StandaloneGit/Resources/pwms/M00811_2.00.meme	../StandaloneGit/Resources/pwms/M00820_2.00.meme	../StandaloneGit/Resources/pwms/M00822_2.00.meme	../StandaloneGit/Resources/pwms/M02397_2.00.meme	../StandaloneGit/Resources/pwms/M02410_2.00.meme	../StandaloneGit/Resources/pwms/M02407_2.00.meme	../StandaloneGit/Resources/pwms/M02402_2.00.meme	../StandaloneGit/Resources/pwms/M02405_2.00.meme	../StandaloneGit/Resources/pwms/M00368_2.00.meme	../StandaloneGit/Resources/pwms/M02423_2.00.meme	../StandaloneGit/Resources/pwms/M00367_2.00.meme	../StandaloneGit/Resources/pwms/M01298_2.00.meme	../StandaloneGit/Resources/pwms/M00812_2.00.meme	../StandaloneGit/Resources/pwms/M02396_2.00.meme	../StandaloneGit/Resources/pwms/M02400_2.00.meme	../StandaloneGit/Resources/pwms/M00181_2.00.meme	../StandaloneGit/Resources/pwms/M02406_2.00.meme	../StandaloneGit/Resources/pwms/M02399_2.00.meme	../StandaloneGit/Resources/pwms/M02401_2.00.meme	../StandaloneGit/Resources/pwms/M00816_2.00.meme	../StandaloneGit/Resources/pwms/M02422_2.00.meme	../StandaloneGit/Resources/pwms/M00818_2.00.meme	../StandaloneGit/Resources/pwms/M00810_2.00.meme	../StandaloneGit/Resources/pwms/M00819_2.00.meme	
SIX2	../StandaloneGit/Resources/pwms/M00563_2.00.meme	../StandaloneGit/Resources/pwms/M00425_2.00.meme	../StandaloneGit/Resources/pwms/M00512_2.00.meme	../StandaloneGit/Resources/pwms/M00461_2.00.meme	../StandaloneGit/Resources/pwms/M02117_2.00.meme	
SMAD2	../StandaloneGit/Resources/pwms/M00192_2.00.meme	
SMAD3	../StandaloneGit/Resources/pwms/M00192_2.00.meme	
SNAI2	../StandaloneGit/Resources/pwms/M00222_2.00.meme	../StandaloneGit/Resources/pwms/M00220_2.00.meme	../StandaloneGit/Resources/pwms/M00221_2.00.meme	
SOX17	../StandaloneGit/Resources/pwms/M00197_2.00.meme	../StandaloneGit/Resources/pwms/M00212_2.00.meme	../StandaloneGit/Resources/pwms/M00204_2.00.meme	../StandaloneGit/Resources/pwms/M02488_2.00.meme	../StandaloneGit/Resources/pwms/M00827_2.00.meme	../StandaloneGit/Resources/pwms/M00199_2.00.meme	../StandaloneGit/Resources/pwms/M00214_2.00.meme	../StandaloneGit/Resources/pwms/M00201_2.00.meme	../StandaloneGit/Resources/pwms/M00829_2.00.meme	../StandaloneGit/Resources/pwms/M01026_2.00.meme	../StandaloneGit/Resources/pwms/M00826_2.00.meme	../StandaloneGit/Resources/pwms/M00710_2.00.meme	../StandaloneGit/Resources/pwms/M00213_2.00.meme	../StandaloneGit/Resources/pwms/M00202_2.00.meme	../StandaloneGit/Resources/pwms/M00206_2.00.meme	../StandaloneGit/Resources/pwms/M00203_2.00.meme	../StandaloneGit/Resources/pwms/M00205_2.00.meme	../StandaloneGit/Resources/pwms/M00828_2.00.meme	../StandaloneGit/Resources/pwms/M00208_2.00.meme	../StandaloneGit/Resources/pwms/M00209_2.00.meme	../StandaloneGit/Resources/pwms/M00210_2.00.meme	
SOX2	../StandaloneGit/Resources/pwms/M00197_2.00.meme	../StandaloneGit/Resources/pwms/M00212_2.00.meme	../StandaloneGit/Resources/pwms/M00204_2.00.meme	../StandaloneGit/Resources/pwms/M02488_2.00.meme	../StandaloneGit/Resources/pwms/M00827_2.00.meme	../StandaloneGit/Resources/pwms/M00199_2.00.meme	../StandaloneGit/Resources/pwms/M00214_2.00.meme	../StandaloneGit/Resources/pwms/M00201_2.00.meme	../StandaloneGit/Resources/pwms/M00829_2.00.meme	../StandaloneGit/Resources/pwms/M01026_2.00.meme	../StandaloneGit/Resources/pwms/M00826_2.00.meme	../StandaloneGit/Resources/pwms/M00710_2.00.meme	../StandaloneGit/Resources/pwms/M00213_2.00.meme	../StandaloneGit/Resources/pwms/M00202_2.00.meme	../StandaloneGit/Resources/pwms/M00206_2.00.meme	../StandaloneGit/Resources/pwms/M00203_2.00.meme	../StandaloneGit/Resources/pwms/M00205_2.00.meme	../StandaloneGit/Resources/pwms/M00828_2.00.meme	../StandaloneGit/Resources/pwms/M00208_2.00.meme	../StandaloneGit/Resources/pwms/M00209_2.00.meme	../StandaloneGit/Resources/pwms/M00210_2.00.meme	
SOX5	../StandaloneGit/Resources/pwms/M00197_2.00.meme	../StandaloneGit/Resources/pwms/M00212_2.00.meme	../StandaloneGit/Resources/pwms/M00204_2.00.meme	../StandaloneGit/Resources/pwms/M02488_2.00.meme	../StandaloneGit/Resources/pwms/M00827_2.00.meme	../StandaloneGit/Resources/pwms/M00199_2.00.meme	../StandaloneGit/Resources/pwms/M00214_2.00.meme	../StandaloneGit/Resources/pwms/M00201_2.00.meme	../StandaloneGit/Resources/pwms/M00829_2.00.meme	../StandaloneGit/Resources/pwms/M01026_2.00.meme	../StandaloneGit/Resources/pwms/M00826_2.00.meme	../StandaloneGit/Resources/pwms/M00710_2.00.meme	../StandaloneGit/Resources/pwms/M00213_2.00.meme	../StandaloneGit/Resources/pwms/M00202_2.00.meme	../StandaloneGit/Resources/pwms/M00206_2.00.meme	../StandaloneGit/Resources/pwms/M00203_2.00.meme	../StandaloneGit/Resources/pwms/M00205_2.00.meme	../StandaloneGit/Resources/pwms/M00828_2.00.meme	../StandaloneGit/Resources/pwms/M00208_2.00.meme	../StandaloneGit/Resources/pwms/M00209_2.00.meme	../StandaloneGit/Resources/pwms/M00210_2.00.meme	
SP1	../StandaloneGit/Resources/pwms/M00133_2.00.meme	../StandaloneGit/Resources/pwms/M00765_2.00.meme	../StandaloneGit/Resources/pwms/M01862_2.00.meme	
SP3	../StandaloneGit/Resources/pwms/M00133_2.00.meme	../StandaloneGit/Resources/pwms/M00765_2.00.meme	../StandaloneGit/Resources/pwms/M01862_2.00.meme	
SPI1	../StandaloneGit/Resources/pwms/M00155_2.00.meme	../StandaloneGit/Resources/pwms/M01475_2.00.meme	../StandaloneGit/Resources/pwms/M01490_2.00.meme	
SPIB	../StandaloneGit/Resources/pwms/M00155_2.00.meme	../StandaloneGit/Resources/pwms/M01475_2.00.meme	../StandaloneGit/Resources/pwms/M01490_2.00.meme	
SRF	../StandaloneGit/Resources/pwms/M02283_2.00.meme	../StandaloneGit/Resources/pwms/M00684_2.00.meme	../StandaloneGit/Resources/pwms/M00178_2.00.meme	
TCF7	../StandaloneGit/Resources/pwms/M00200_2.00.meme	../StandaloneGit/Resources/pwms/M00198_2.00.meme	../StandaloneGit/Resources/pwms/M00207_2.00.meme	../StandaloneGit/Resources/pwms/M00193_2.00.meme	
TFAP4	../StandaloneGit/Resources/pwms/M01717_2.00.meme	
TFE3	../StandaloneGit/Resources/pwms/M00755_2.00.meme	../StandaloneGit/Resources/pwms/M01736_2.00.meme	../StandaloneGit/Resources/pwms/M01715_2.00.meme	../StandaloneGit/Resources/pwms/M01741_2.00.meme	../StandaloneGit/Resources/pwms/M01728_2.00.meme	
USF1	../StandaloneGit/Resources/pwms/M01732_2.00.meme	
USF2	../StandaloneGit/Resources/pwms/M01752_2.00.meme	
VDR	../StandaloneGit/Resources/pwms/M00367_2.00.meme	../StandaloneGit/Resources/pwms/M00368_2.00.meme	../StandaloneGit/Resources/pwms/M02403_2.00.meme	
VEZF1	../StandaloneGit/Resources/pwms/M01172_2.00.meme	
WT1	../StandaloneGit/Resources/pwms/M00247_2.00.meme	../StandaloneGit/Resources/pwms/M00249_2.00.meme	../StandaloneGit/Resources/pwms/M00248_2.00.meme	../StandaloneGit/Resources/pwms/M00243_2.00.meme	../StandaloneGit/Resources/pwms/M00244_2.00.meme	../StandaloneGit/Resources/pwms/M00246_2.00.meme	../StandaloneGit/Resources/pwms/M00245_2.00.meme	
ZFX	../StandaloneGit/Resources/pwms/M00788_2.00.meme	
MAFF	../StandaloneGit/Resources/pwms/M01814_2.00.meme	../StandaloneGit/Resources/pwms/M00126_2.00.meme	../StandaloneGit/Resources/pwms/M00123_2.00.meme	
MAFG	../StandaloneGit/Resources/pwms/M01814_2.00.meme	../StandaloneGit/Resources/pwms/M00126_2.00.meme	../StandaloneGit/Resources/pwms/M00123_2.00.meme	
MAFK	../StandaloneGit/Resources/pwms/M01814_2.00.meme	../StandaloneGit/Resources/pwms/M00126_2.00.meme	../StandaloneGit/Resources/pwms/M00123_2.00.meme	
MAX	../StandaloneGit/Resources/pwms/M00122_2.00.meme	../StandaloneGit/Resources/pwms/M01753_2.00.meme	../StandaloneGit/Resources/pwms/M00938_2.00.meme	../StandaloneGit/Resources/pwms/M00121_2.00.meme	../StandaloneGit/Resources/pwms/M01497_2.00.meme	../StandaloneGit/Resources/pwms/M01498_2.00.meme	
MEIS2	../StandaloneGit/Resources/pwms/M00407_2.00.meme	../StandaloneGit/Resources/pwms/M00399_2.00.meme	../StandaloneGit/Resources/pwms/M00488_2.00.meme	../StandaloneGit/Resources/pwms/M00521_2.00.meme	../StandaloneGit/Resources/pwms/M00437_2.00.meme	../StandaloneGit/Resources/pwms/M02185_2.00.meme	../StandaloneGit/Resources/pwms/M00468_2.00.meme	../StandaloneGit/Resources/pwms/M00500_2.00.meme	
MITF	../StandaloneGit/Resources/pwms/M00755_2.00.meme	../StandaloneGit/Resources/pwms/M01728_2.00.meme	../StandaloneGit/Resources/pwms/M01736_2.00.meme	../StandaloneGit/Resources/pwms/M01715_2.00.meme	../StandaloneGit/Resources/pwms/M01741_2.00.meme	
MYB	../StandaloneGit/Resources/pwms/M00180_2.00.meme	../StandaloneGit/Resources/pwms/M00179_2.00.meme	
MYOD1	../StandaloneGit/Resources/pwms/M01742_2.00.meme	../StandaloneGit/Resources/pwms/M00120_2.00.meme	
MZF1	../StandaloneGit/Resources/pwms/M00773_2.00.meme	../StandaloneGit/Resources/pwms/M00772_2.00.meme	
